Initial Price,Vendor Category,Vendor Price,Markup,Final Price
22.113410897761746,decor,32.01153263620219,0.2,28.515717425002183
98.13958536664363,decor,8.196092086723317,0.2,99.7788037839883
12.232440352294253,bakery,5.895206666317307,0.2,13.411481685557714
98.69071312261376,music,47.61967331734183,0.2,108.21464778608212
26.430262475292924,catering,9.790183402193303,0.2,28.388299155731584
67.34251270570081,decor,36.78446605881612,0.2,74.69940591746403
65.0304508762382,catering,16.30152310148826,0.2,68.29075549653585
24.043979023177528,music,9.735338232617245,0.2,25.991046669700978
72.43554637429409,decor,27.32804641025344,0.2,77.90115565634478
80.2501835044231,catering,39.722118497087905,0.2,88.19460720384069
50.77943723847625,decor,6.727693215483394,0.2,52.12497588157293
46.23885504223062,catering,5.501409697260128,0.2,47.33913698168264
72.21943948923547,bakery,24.097576305977032,0.2,77.03895475043088
73.26288666663592,decor,20.40862485202708,0.2,77.34461163704134
34.591649799888216,decor,28.34704603374292,0.2,40.2610590066368
73.811125677011,decor,31.510962595541688,0.2,80.11331819611934
91.11379416708328,bakery,8.72117934572259,0.2,92.8580300362278
78.1382945675548,bakery,46.92249732413435,0.2,87.52279403238167
35.5609048627084,bakery,21.043173849321864,0.2,39.76953963257277
99.26119939324526,decor,10.635991468325056,0.2,101.38839768691028
82.4372085080238,decor,35.29560142466483,0.2,89.49632879295677
74.48817044928522,music,24.931479476028546,0.2,79.47446634449093
69.28872034936782,bakery,36.276646704523614,0.2,76.54404969027254
60.15363858725698,music,30.54472223807093,0.2,66.26258303487117
86.88211249908335,catering,10.465449969183968,0.2,88.97520249292015
32.92087217080933,decor,43.437932493768805,0.2,41.60845866956309
56.86788390412532,decor,36.32591967431175,0.2,64.13306783898767
35.44601150309691,bakery,15.261027772486855,0.2,38.49821705759428
59.90345712422306,decor,28.83447761373975,0.2,65.67035264697101
87.16538819457851,bakery,40.164763319718276,0.2,95.19834085852217
67.95110093762325,music,36.93571925027186,0.2,75.33824478767762
36.80984928440415,bakery,29.45288191722062,0.2,42.70042566784828
58.00765515188821,bakery,8.510098423268428,0.2,59.70967483654189
78.30933292888977,bakery,5.437250104239059,0.2,79.39678294973758
55.984412015928086,bakery,45.606027699120666,0.2,65.10561755575222
69.89071082518657,bakery,7.218723211509406,0.2,71.33445546748845
44.79781892021443,music,27.964048967718384,0.2,50.39062871375811
38.96247320236796,music,35.59017603089032,0.2,46.080508408546024
40.612542997182565,decor,5.660344427108516,0.2,41.74461188260427
94.6234959591583,bakery,29.06427313929122,0.2,100.43635058701655
88.07544704896905,music,20.698585696119697,0.2,92.21516418819299
18.016114078318516,music,32.91142758923391,0.2,24.598399596165297
38.27864994765101,bakery,6.509076799240171,0.2,39.58046530749905
12.539936722439892,catering,37.76768096247146,0.2,20.093472914934182
18.081982995453586,decor,16.620459195884237,0.2,21.406074834630434
47.884449827835724,catering,27.06865823574079,0.2,53.298181474983885
22.204352571743826,catering,27.366784166318414,0.2,27.67770940500751
81.36161052290515,bakery,7.505708408798146,0.2,82.86275220466479
12.027365461039071,decor,41.89232388196528,0.2,20.405830237432127
61.22247574579217,decor,40.58121246057604,0.2,69.33871823790737
43.19071367839567,music,23.290603426203084,0.2,47.848834363636286
18.533880580110946,decor,29.11897093322154,0.2,24.357674766755252
45.18241282440124,decor,26.38019241478678,0.2,50.458451307358594
84.90625225100041,decor,23.778280913234696,0.2,89.66190843364735
82.56980062336189,music,35.44517952584694,0.2,89.65883652853127
49.33166567953885,bakery,22.480995921286326,0.2,53.827864863796115
17.402850332985118,music,25.301050640696513,0.2,22.46306046112442
68.94641829231358,music,43.235680725966674,0.2,77.59355443750691
27.767027196154828,music,16.437816009057997,0.2,31.05459039796643
61.42877885167947,catering,43.60802399757871,0.2,70.15038365119521
44.15230316639747,catering,37.3222404039661,0.2,51.61675124719069
23.041913931315328,decor,49.40339299981593,0.2,32.92259253127851
78.3772827412922,catering,13.907259209374573,0.2,81.15873458316712
34.10635073202296,catering,32.830027225427656,0.2,40.67235617710849
21.2782136223156,music,26.22445395910525,0.2,26.52310441413665
62.379917680869944,catering,41.567387086524526,0.2,70.69339509817485
40.76750134247466,catering,37.57557963362275,0.2,48.28261726919921
49.71364873813035,music,36.25803285429147,0.2,56.965255308988645
13.130541911597318,music,48.21014127559378,0.2,22.772570166716072
76.20207803706971,catering,44.53333347294222,0.2,85.10874473165815
87.60064635141855,bakery,38.69798243512342,0.2,95.34024283844323
47.54277392535226,music,34.739468638887246,0.2,54.490667653129705
73.08060347925243,music,33.21572678736338,0.2,79.72374883672511
72.84869195341332,bakery,5.295443515660072,0.2,73.90778065654534
40.918876154222644,bakery,24.260611539992784,0.2,45.7709984622212
48.337247104942385,decor,5.510905019973697,0.2,49.43942810893712
71.47238090494962,music,26.41052920283044,0.2,76.7544867455157
90.51422508323172,music,24.882565970932344,0.2,95.49073827741819
23.01951005777866,catering,34.866170300725756,0.2,29.992744117923813
37.84516078324006,bakery,48.773939963764725,0.2,47.599948775993006
21.98785463202939,decor,12.401211976899987,0.2,24.468097027409385
71.7814459701485,decor,16.353285562390788,0.2,75.05210308262666
66.45542206274735,music,27.591393589013013,0.2,71.97370078054995
73.30018802772119,bakery,14.717328512423743,0.2,76.24365373020593
81.26577185745775,bakery,47.89731045972401,0.2,90.84523394940256
51.245671178869415,decor,13.820034386026084,0.2,54.009678056074634
68.05076340280031,decor,22.76350000069627,0.2,72.60346340293957
73.33163138939057,bakery,18.860421087379287,0.2,77.10371560686642
99.82209673481404,decor,22.868673080994007,0.2,104.39583135101284
31.331136412480177,music,5.348487382397517,0.2,32.40083388895968
34.998827098579014,bakery,30.850714926391998,0.2,41.16897008385742
70.61926311816485,catering,46.27086714121711,0.2,79.87343654640827
10.303758712987513,catering,14.162118494808725,0.2,13.136182411949259
82.86512866758571,decor,45.57716230619975,0.2,91.98056112882566
74.17101375493671,bakery,17.636196737345408,0.2,77.69825310240579
11.90149530192218,catering,24.265100779755187,0.2,16.754515457873218
36.881280980784574,bakery,9.515448255777624,0.2,38.7843706319401
12.315976103867472,bakery,9.641187224896365,0.2,14.244213548846744
95.57485128493013,music,32.740111605595445,0.2,102.12287360604923
94.20983366330897,bakery,25.071750994039537,0.2,99.22418386211687
42.10389705821139,music,17.737800993947985,0.2,45.651457257000985
64.84679003420676,decor,40.022499522394824,0.2,72.85128993868572
84.3857958985387,music,9.81999717821623,0.2,86.34979533418195
15.935382188867417,decor,38.833167730023646,0.2,23.70201573487215
97.79752933644106,bakery,35.37085906179255,0.2,104.87170114879957
17.255999847097033,decor,30.459871792300547,0.2,23.347974205557144
60.53181078188774,music,44.923781641253456,0.2,69.51656711013844
70.13548212635362,music,24.162728673899373,0.2,74.96802786113349
18.232563570161872,music,17.384473767823536,0.2,21.70945832372658
23.557436505846464,decor,20.765626496785497,0.2,27.710561805203564
49.740914484086,decor,45.271642008598626,0.2,58.79524288580572
84.55329326589676,music,12.795730084595078,0.2,87.11243928281577
80.87329840874317,decor,41.96378245526867,0.2,89.2660548997969
88.59745326449472,catering,46.004930112122615,0.2,97.79843928691923
47.4794627242383,decor,32.3802359416813,0.2,53.95550991257456
21.38094194287934,catering,28.686523052074957,0.2,27.11824655329433
30.90344979444556,music,6.751282614483491,0.2,32.25370631734226
10.342459196562316,bakery,43.92570659699438,0.2,19.12760051596119
63.82328686905264,music,46.68395450108841,0.2,73.16007776927032
64.85726216798375,music,25.864782246746227,0.2,70.03021861733299
57.77646744904741,music,19.61562316342406,0.2,61.69959208173222
33.72631561256274,decor,9.871225187123326,0.2,35.70056064998741
95.2152748897608,catering,47.770204756140615,0.2,104.76931584098892
21.0048216963372,decor,19.76649218077366,0.2,24.95812013249193
28.882932402118662,catering,14.791364603341787,0.2,31.84120532278702
10.131744633543695,decor,43.20894697904696,0.2,18.773534029353087
46.67044484414576,bakery,16.011410090236478,0.2,49.87272686219306
25.322440152899517,decor,31.502602410469386,0.2,31.622960634993394
55.43360807965733,catering,47.00202825412296,0.2,64.83401373048193
25.821723848756864,decor,19.565561162160463,0.2,29.73483608118896
59.776475826201704,decor,41.94177508230457,0.2,68.16483084266261
43.818769475949004,bakery,23.09407765166741,0.2,48.43758500628249
49.53915310253823,music,10.126268876576656,0.2,51.56440687785356
41.0736296100999,bakery,8.174302869721847,0.2,42.70849018404427
62.18777031299362,bakery,18.598012341650538,0.2,65.90737278132373
94.02590991298173,music,27.26384810061811,0.2,99.47867953310535
11.943899602131477,music,10.968352092683407,0.2,14.137570020668159
67.598205053828,music,34.06960301886569,0.2,74.41212565760114
96.439482446966,bakery,47.6172823471243,0.2,105.96293891639085
24.644429000360848,decor,37.588701177862134,0.2,32.16216923593328
48.51420080218706,bakery,37.25170352158912,0.2,55.96454150650489
20.053941552181723,catering,15.181544153203562,0.2,23.090250382822436
38.00747727085508,decor,42.732428783250754,0.2,46.553963027505226
41.59277564216627,catering,30.098198632977933,0.2,47.61241536876186
86.93720583629722,bakery,20.220574277028412,0.2,90.9813206917029
51.34328035955978,music,25.12869553335452,0.2,56.36901946623068
20.425437512198123,music,23.53743654521202,0.2,25.13292482124053
79.95336246873966,music,11.20932818413151,0.2,82.19522810556596
93.52884909922624,bakery,22.759663180728833,0.2,98.080781735372
58.37849286869604,decor,28.838559240545134,0.2,64.14620471680507
76.15077725342756,catering,38.6588232827549,0.2,83.88254190997854
58.072547168866336,music,29.06300682771131,0.2,63.8851485344086
65.45763626372118,decor,29.773542152409714,0.2,71.41234469420313
40.98359105253412,music,20.13271097035573,0.2,45.01013324660527
85.19112454975466,catering,48.85222183500999,0.2,94.96156891675666
81.05796814003455,catering,11.254442540501614,0.2,83.30885664813486
46.51334360207465,music,13.357663364807932,0.2,49.18487627503624
61.66320372053278,catering,14.773227503031444,0.2,64.61784922113907
91.82354968496252,catering,15.529824544512026,0.2,94.92951459386492
17.807047239764316,decor,13.306018664979714,0.2,20.46825097276026
61.49327119440591,decor,30.813231435734803,0.2,67.65591748155286
94.28398429152466,decor,9.365640681022134,0.2,96.15711242772909
43.021452772642476,music,34.247651500208164,0.2,49.87098307268411
12.35290371350583,decor,24.996866215772023,0.2,17.352276956660234
28.020644761649447,catering,30.187580286382246,0.2,34.0581608189259
91.84441874921512,music,16.075236461151203,0.2,95.05946604144536
31.197145255712144,bakery,6.716946274677507,0.2,32.540534510647646
82.62099011114607,decor,10.959918471296803,0.2,84.81297380540543
50.41487477617089,bakery,43.47117488832825,0.2,59.10910975383654
49.80162691724578,music,29.06412561562708,0.2,55.61445204037119
35.46578090869906,catering,6.140758078181213,0.2,36.6939325243353
57.64429306003146,bakery,8.285536965184779,0.2,59.30140045306841
89.58833321787014,catering,10.18551963511866,0.2,91.62543714489388
20.772466236282668,bakery,14.475795033899168,0.2,23.667625243062503
90.03419096396983,catering,49.830171298288064,0.2,100.00022522362745
97.24061619524556,decor,48.24206640356699,0.2,106.88902947595896
76.67626080762766,catering,7.769982857930673,0.2,78.2302573792138
86.69527000793573,catering,43.53777815445258,0.2,95.40282563882624
32.93776851701287,music,42.083668099795645,0.2,41.354502136972
16.67126445849528,catering,15.668408317029078,0.2,19.804946121901096
38.17959089241792,decor,46.993617393728165,0.2,47.57831437116356
64.01453774115608,bakery,26.247573032753838,0.2,69.26405234770684
92.6609129046059,decor,22.848905242272103,0.2,97.23069395306031
50.378791369266274,catering,9.524380864106284,0.2,52.28366754208753
27.22936091647162,bakery,7.263806430297093,0.2,28.68212220253104
84.1183674839741,bakery,43.74033720244344,0.2,92.86643492446278
74.68390579526995,music,19.294802756904204,0.2,78.5428663466508
20.16233615139003,catering,40.70520028852123,0.2,28.303376209094274
84.23681399721752,decor,9.867357374575048,0.2,86.21028547213254
67.43677639567981,bakery,12.847198692037766,0.2,70.00621613408737
87.10213815145438,catering,6.640517923915238,0.2,88.43024173623743
95.81498614858383,bakery,32.636959865264515,0.2,102.34237812163673
98.81967110772209,music,29.55694800321088,0.2,104.73106070836427
13.969229346849094,catering,22.795780856069182,0.2,18.52838551806293
93.39681752659713,catering,49.107940189975345,0.2,103.2184055645922
31.073223662507438,bakery,38.892229400812994,0.2,38.85166954267004
84.79288148047038,bakery,10.846320283321074,0.2,86.9621455371346
95.44979431819475,catering,47.075822021171845,0.2,104.86495872242912
35.09054201773883,catering,49.168243778428476,0.2,44.92419077342452
25.412585245069174,bakery,22.372433375413568,0.2,29.88707192015189
78.77539762487729,music,34.19226035874094,0.2,85.61384969662548
82.22375660248832,catering,16.850760844444082,0.2,85.59390877137714
79.94915211979702,decor,7.525240827245126,0.2,81.45420028524605
79.84600028008018,catering,29.00913969588016,0.2,85.64782821925621
92.70983959645949,catering,46.047290749350246,0.2,101.91929774632953
70.79012204474448,decor,34.14295101902873,0.2,77.61871224855022
50.14268757691552,decor,17.479773871553398,0.2,53.6386423512262
32.54418731765241,music,32.87334052286072,0.2,39.118855422224556
92.58622395251999,catering,18.03660766528798,0.2,96.19354548557759
43.93390929740958,music,38.01301426065151,0.2,51.53651214953988
51.92601511001876,bakery,21.74499395741701,0.2,56.27501390150216
84.0981167528923,bakery,10.351723347342038,0.2,86.1684614223607
77.83692064543435,bakery,47.23465724955253,0.2,87.28385209534486
88.34522792834768,catering,38.13671526106567,0.2,95.97257098056082
33.044519172147474,catering,7.643662966281502,0.2,34.573251765403775
51.38377604641068,bakery,38.51592613112824,0.2,59.08696127263633
95.82835565425832,catering,20.64083511109502,0.2,99.95652267647732
59.40291737141339,bakery,37.737935649909105,0.2,66.95050450139522
76.84618554926345,catering,12.909943001305157,0.2,79.42817414952448
54.78811873717648,decor,19.7121502833853,0.2,58.73054879385354
64.76221666246562,decor,13.962996758590794,0.2,67.55481601418377
19.873268042055095,music,27.146939484477482,0.2,25.302655938950593
44.533925631168806,decor,33.38807361997914,0.2,51.21154035516464
92.66288817023577,music,46.1682803232825,0.2,101.89654423489227
76.64414900934317,decor,41.45778166901474,0.2,84.93570534314611
56.92562128873242,bakery,35.49474097882874,0.2,64.02456948449817
97.34108689311056,bakery,29.67421338135842,0.2,103.27592956938224
62.84356904054889,bakery,47.77740044083509,0.2,72.39904912871592
61.731622174282855,catering,28.345619224408974,0.2,67.40074601916464
12.775990050448828,catering,10.803085668715838,0.2,14.936607184191995
73.64584043172283,music,21.574235302214856,0.2,77.9606874921658
76.79355522573744,bakery,48.432834852649194,0.2,86.48012219626727
93.17838864245012,decor,41.52075983701233,0.2,101.48254060985258
86.64466799953826,decor,34.00110737765151,0.2,93.44488947506856
19.40378599784394,music,29.235908425536284,0.2,25.2509676829512
24.970940696504563,decor,8.8060821022543,0.2,26.732157116955424
34.649338079960806,catering,11.000619432523818,0.2,36.84946196646557
86.15778535657579,bakery,43.06293282391657,0.2,94.7703719213591
37.424001501673075,decor,42.05184114413051,0.2,45.834369730499176
93.77776892501677,bakery,28.57798013168571,0.2,99.49336495135391
39.939572796736115,music,7.9514675419424545,0.2,41.52986630512461
24.36756864199387,bakery,19.75498661925281,0.2,28.31856596584443
51.5172771755562,bakery,37.60921994761719,0.2,59.03912116507964
27.407273876936628,bakery,43.42098424780051,0.2,36.09147072649673
47.124383491088096,catering,49.948673463510815,0.2,57.11411818379026
27.053669764203004,decor,39.48620722590535,0.2,34.950911209384074
80.43579285497812,decor,27.850298759110785,0.2,86.00585260680027
63.07371201282822,music,34.360939660216815,0.2,69.94589994487158
73.26922178628396,bakery,39.33389247277848,0.2,81.13600028083965
45.56206764437302,bakery,34.053528426112976,0.2,52.37277332959562
35.0237955217878,catering,27.861958755717723,0.2,40.596187272931346
68.07661014402152,catering,35.52131148512554,0.2,75.18087244104662
90.45342324183872,bakery,15.364978784142632,0.2,93.52641899866725
29.638233032718237,catering,31.879046546205227,0.2,36.01404234195928
50.64744476027283,music,14.486971615572527,0.2,53.54483908338734
50.47538421167288,music,8.898222082200906,0.2,52.25502862811307
36.90585507177907,decor,20.56154634708546,0.2,41.01816434119616
64.06780370000104,music,5.393167730509468,0.2,65.14643724610293
11.150413323536817,decor,45.128799360741574,0.2,20.17617319568513
47.75827535648128,music,43.923078907589776,0.2,56.542891137999234
55.52058969478705,music,20.31826083950247,0.2,59.58424186268754
96.53123350938353,catering,26.12133192595146,0.2,101.75549989457382
56.45785541053089,music,11.563241574865987,0.2,58.770503725504085
26.69024350687909,decor,19.132867227818473,0.2,30.516816952442785
60.08038256746532,music,47.18446923683671,0.2,69.51727641483266
10.874940373302756,music,38.73515300446273,0.2,18.621970974195303
84.11056967983922,bakery,6.041916558475332,0.2,85.31895299153429
32.851340542492295,bakery,17.772853596118008,0.2,36.4059112617159
82.72883353961114,catering,38.60743538127347,0.2,90.45032061586583
73.6259267447357,bakery,6.744751186458755,0.2,74.97487698202744
60.00408623075956,music,18.254370384060287,0.2,63.65496030757162
63.63437885358027,decor,7.8790787721961575,0.2,65.2101946080195
65.36345463932003,music,17.332253733911056,0.2,68.82990538610224
28.125854617575612,catering,7.6159746496064775,0.2,29.649049547496908
74.17294082090977,bakery,18.464653664573984,0.2,77.86587155382458
27.935772061433205,catering,18.568305664146855,0.2,31.649433194262578
79.15362316321135,decor,36.281040932275175,0.2,86.40983134966639
66.45910955973893,bakery,30.979227088224903,0.2,72.65495497738391
20.722500325869945,bakery,47.19232390412104,0.2,30.160965106694153
88.63972532982527,decor,42.970738695582384,0.2,97.23387306894175
63.49817198032018,bakery,19.41129802000942,0.2,67.38043158432207
72.3364805743255,music,13.233841254379307,0.2,74.98324882520137
31.51835661845219,catering,15.631850018344704,0.2,34.644726622121134
87.49189389194895,decor,12.868124842354689,0.2,90.06551886041989
10.12669659291042,bakery,43.01221231193219,0.2,18.72913905529686
46.99327042394509,music,21.166537349055634,0.2,51.226577893756215
78.56337452791065,bakery,33.033234948491035,0.2,85.17002151760886
74.60958510341904,decor,5.355924215971807,0.2,75.6807699466134
32.38851265762251,bakery,31.058886503228344,0.2,38.600289958268185
57.606481736433324,catering,11.247486249988322,0.2,59.85597898643099
46.21332897156379,music,47.612309695848325,0.2,55.735790910733456
28.125838362390834,decor,16.60018924321171,0.2,31.445876211033177
25.215517587413686,music,16.084145867991055,0.2,28.432346761011896
86.629963634734,bakery,6.038784030972016,0.2,87.8377204409284
43.241104731188955,decor,25.987692024870203,0.2,48.438643136162995
84.8263086153344,catering,40.2349876527086,0.2,92.87330614587611
72.91566916024291,bakery,39.677301554380264,0.2,80.85112947111897
56.505555796335074,music,12.121533056267685,0.2,58.92986240758861
57.98534852831206,decor,23.68808253086916,0.2,62.72296503448589
72.26285462423394,decor,24.434516715734556,0.2,77.14975796738085
48.38736180902945,catering,21.41127916093524,0.2,52.6696176412165
27.64576561773555,bakery,32.6935411273429,0.2,34.18447384320413
46.26337181143889,decor,15.08263506074865,0.2,49.27989882358862
26.49885659484979,decor,13.526863912227096,0.2,29.20422937729521
88.02221059002777,bakery,30.128789795668457,0.2,94.04796854916145
56.39477585674267,bakery,23.328430560913443,0.2,61.06046196892536
83.64712345829439,decor,35.253406899044805,0.2,90.69780483810335
74.95289074181649,bakery,42.70269979158754,0.2,83.493430700134
77.32752431512088,decor,44.05311837587723,0.2,86.13814799029633
64.66418462875671,decor,13.99185095439088,0.2,67.46255481963489
94.24371864123721,bakery,46.88102358916487,0.2,103.61992335907019
10.964173138748158,catering,32.09283048255864,0.2,17.382739235259887
82.3527074822,bakery,29.832403064580426,0.2,88.31918809511609
78.09377906948362,catering,28.524659628398883,0.2,83.79871099516339
88.95565144797696,decor,46.87105823319569,0.2,98.3298630946161
84.19779831082207,catering,20.037144258486506,0.2,88.20522716251936
17.623641253963708,music,35.45576770323322,0.2,24.714794794610352
55.045756072371795,decor,45.43087035895633,0.2,64.13193014416306
30.76452662385886,bakery,34.15531259202331,0.2,37.59558914226352
21.10978856009094,decor,45.18618898967488,0.2,30.14702635802592
44.15822210932934,decor,5.412188151637332,0.2,45.240659739656806
31.582386071436293,catering,5.233333984351733,0.2,32.62905286830664
50.79352343780493,music,19.33342336793435,0.2,54.660208111391796
95.61649791963443,catering,49.65690474961228,0.2,105.54787886955688
49.271621542122126,catering,49.204762694816615,0.2,59.11257408108545
65.61290150447164,bakery,35.66470443338708,0.2,72.74584239114905
19.461881242264162,catering,34.00155819152192,0.2,26.26219288056855
91.7653940185662,music,27.372390643201744,0.2,97.23987214720654
54.75466202954665,decor,37.563470225057294,0.2,62.26735607455811
42.12512243735208,music,19.14193334544099,0.2,45.95350910644028
48.79345990414581,bakery,23.14696204968833,0.2,53.42285231408348
83.03779089796853,music,36.740635911223336,0.2,90.3859180802132
23.085602000129867,catering,23.686520178277377,0.2,27.822906035785344
57.028748890180566,music,25.809220606862254,0.2,62.19059301155302
73.60771889637138,catering,47.826055084745114,0.2,83.1729299133204
90.73114373734381,music,26.675542526204243,0.2,96.06625224258467
32.30988189018535,bakery,34.07549836563717,0.2,39.12498156331279
31.609747078717596,bakery,38.857382595427104,0.2,39.381223597803015
69.34141876517162,decor,21.059598918980495,0.2,73.55333854896773
13.754311526407783,decor,31.406868872191886,0.2,20.03568530084616
68.94166555909104,decor,40.94503653175232,0.2,77.1306728654415
81.75024681291359,decor,10.698829796111632,0.2,83.89001277213592
51.30682518219281,catering,42.616622111055015,0.2,59.830149604403815
45.23311090473021,decor,37.45271676836555,0.2,52.72365425840332
69.26166983973809,bakery,28.146580833566418,0.2,74.89098600645137
54.83275523011436,music,25.739055830478893,0.2,59.980566396210136
52.73945901764983,decor,29.827006268448333,0.2,58.7048602713395
13.306172318083748,music,9.875919798215696,0.2,15.281356277726887
32.60351556285657,music,21.80010055257954,0.2,36.963535673372476
84.24088230000103,catering,5.702081903670334,0.2,85.3812986807351
76.09333331424422,decor,31.69067384869514,0.2,82.43146808398325
43.53559642746637,decor,48.92233165522704,0.2,53.32006275851178
25.483446287458,music,23.72631688535689,0.2,30.22870966452938
44.282493585371284,decor,28.106691927433747,0.2,49.903831970858036
39.915620264163266,catering,13.602229876121411,0.2,42.636066239387546
80.56118553219787,catering,47.62027029127864,0.2,90.0852395904536
72.57267617874011,music,26.988051157601507,0.2,77.97028641026041
67.18825836886776,music,9.36650579800023,0.2,69.06155952846781
48.87080289773898,catering,39.594783130931724,0.2,56.789759523925326
15.34772307731533,decor,45.846690275583896,0.2,24.51706113243211
63.56608941570703,music,25.160447711631118,0.2,68.59817895803326
44.95325848803555,music,22.81633916873397,0.2,49.516526321782344
81.54870505781092,bakery,32.185737577043255,0.2,87.98585257321957
52.876708150712595,decor,34.76740733010739,0.2,59.830189616734074
56.672944539829004,bakery,45.2077392618623,0.2,65.71449239220146
96.43357695774002,music,5.626127084298119,0.2,97.55880237459964
66.696657730191,decor,7.122251922899079,0.2,68.12110811477082
52.46356920731064,catering,34.261976511381604,0.2,59.31596450958696
79.0796418547035,catering,21.63114565280507,0.2,83.40587098526451
43.82153402300689,bakery,11.293418025067236,0.2,46.080217628020335
53.60119167917439,music,6.6068292230207035,0.2,54.92255752377853
22.826249892142933,catering,14.621325630344318,0.2,25.750515018211797
34.15912186578371,bakery,6.735447699469312,0.2,35.506211405677575
46.697032952373384,catering,35.112952305351584,0.2,53.7196234134437
21.069166688992443,music,43.39443367229544,0.2,29.74805342345153
11.893254816931886,bakery,34.58913669695306,0.2,18.8110821563225
37.448071424748186,catering,6.96324698372872,0.2,38.84072082149393
76.0781260230344,decor,16.140003240135982,0.2,79.30612667106159
57.47159139360308,decor,38.8043410335852,0.2,65.23245960032011
45.36601976141818,bakery,9.44242631053198,0.2,47.25450502352457
45.44595725624694,decor,43.28862145507702,0.2,54.10368154726235
84.78106386405513,music,21.281786838065248,0.2,89.03742123166818
36.508217976742145,music,28.879595515981645,0.2,42.284137079938475
11.122712400892974,bakery,44.654766786409645,0.2,20.0536657581749
53.16902547547091,music,26.276800498987722,0.2,58.42438557526845
95.2419952065471,decor,41.26351155842075,0.2,103.49469751823125
24.207821997009624,catering,24.759581538650764,0.2,29.159738304739776
79.23452367464462,bakery,37.071007651111074,0.2,86.64872520486684
66.14617923119978,catering,39.81460521439845,0.2,74.10910027407947
57.24295392783333,bakery,39.84293964245149,0.2,65.21154185632362
21.45314199721041,music,13.686341429552305,0.2,24.19041028312087
19.530832231879053,bakery,13.809234353408895,0.2,22.292679102560832
68.29072599225708,music,31.66345175673777,0.2,74.62341634360463
94.52715322249392,decor,35.12287635876247,0.2,101.55172849424642
86.83383249040129,catering,8.246036111069381,0.2,88.48303971261517
18.135781709493752,decor,13.14130054211176,0.2,20.764041817916105
95.64711531077604,decor,22.090675258276708,0.2,100.06525036243139
69.8795392294478,music,24.236595766921965,0.2,74.72685838283219
20.16723222379945,bakery,41.90719792349352,0.2,28.548671808498153
64.6943347206674,bakery,33.297254580235546,0.2,71.3537856367145
11.30245731251794,bakery,35.22031483569994,0.2,18.34652027965793
37.18495914521582,music,21.244126761634337,0.2,41.43378449754269
15.966533783461518,bakery,43.03622441868541,0.2,24.5737786671986
13.359651808877256,bakery,34.54082885492572,0.2,20.267817579862403
54.005882764594716,music,25.128366102271542,0.2,59.031555985049025
90.42711109196465,catering,39.970779243426904,0.2,98.42126694065003
63.14496948382684,decor,17.073837470634476,0.2,66.55973697795373
67.59894584799738,bakery,44.41276704036125,0.2,76.48149925606964
59.03433411457096,decor,40.1590491504907,0.2,67.06614394466911
86.96113374398136,decor,39.66863939642185,0.2,94.89486162326574
36.66257236175902,decor,28.598940970054755,0.2,42.38236055576997
68.13264518431347,bakery,20.969023975672062,0.2,72.32644997944789
39.85754437919394,bakery,29.766939757955754,0.2,45.81093233078509
21.60849147907826,music,10.50538237545991,0.2,23.709567954170243
87.44944226316298,catering,45.95951883902237,0.2,96.64134603096745
26.502840552477775,bakery,43.05823516312848,0.2,35.11448758510347
10.127235099087,catering,37.50820565370166,0.2,17.628876229827334
41.121504688220824,decor,41.9067785317856,0.2,49.502860394577944
16.48663961817542,catering,26.374747234653857,0.2,21.761589065106193
10.056073912051795,music,28.177248584458518,0.2,15.6915236289435
25.520590716029076,music,33.650030824433344,0.2,32.250596880915744
63.56227772034592,catering,16.71720495779388,0.2,66.9057187119047
23.59523939622245,catering,17.05803410680793,0.2,27.006846217584037
70.13162118737984,decor,27.234883103856024,0.2,75.57859780815105
32.02535001543815,decor,14.482427251943653,0.2,34.92183546582688
69.51566752967489,catering,47.413783837926,0.2,78.99842429726009
67.18434315846397,decor,18.36665506620065,0.2,70.8576741717041
60.10777907514793,decor,26.974629182461907,0.2,65.50270491164031
33.763061906661264,decor,24.615125255223692,0.2,38.686086957706
65.46176481505277,music,18.794608213736716,0.2,69.22068645780011
57.682271154814714,decor,42.6642251486839,0.2,66.21511618455149
86.16945653691359,music,43.397395332532035,0.2,94.84893560341999
66.85379016869733,decor,24.4637824607578,0.2,71.74654666084889
71.72352162694655,decor,40.20045189463455,0.2,79.76361200587345
88.60855616165345,decor,17.268806737792005,0.2,92.06231750921185
41.91235974302438,music,45.922861609404194,0.2,51.09693206490522
87.85961651343011,bakery,29.688416036838486,0.2,93.79729972079781
44.07735373377056,bakery,10.684150352938296,0.2,46.214183804358214
25.938617404121704,bakery,13.155359369348048,0.2,28.569689277991316
93.73313641891451,music,30.450449202389454,0.2,99.8232262593924
74.77842860335144,bakery,17.8100763618682,0.2,78.34044387572509
22.39648320708436,catering,36.59205417799444,0.2,29.714894042683248
39.695109921286196,decor,20.218660828407863,0.2,43.73884208696777
53.951176005024806,music,22.510678588585257,0.2,58.45331172274186
20.5998849778054,bakery,44.50094732636606,0.2,29.50007444307861
22.37617002595275,bakery,33.639029428551524,0.2,29.103975911663056
41.7311661240945,music,8.739076898131202,0.2,43.47898150372074
41.33060404190097,decor,27.16230045693839,0.2,46.76306413328865
79.94711343198217,catering,13.566374066560025,0.2,82.66038824529419
78.01785473518916,decor,23.23906891881715,0.2,82.66566851895259
69.40565495423226,music,34.5396789080588,0.2,76.31359073584402
58.43941561857673,bakery,10.959223250608819,0.2,60.6312602686985
16.812614614873198,music,40.83073023564501,0.2,24.978760662002202
84.24645917769662,catering,10.564773871597424,0.2,86.35941395201611
70.55240924112161,bakery,13.632282688081869,0.2,73.27886577873798
15.905217989417544,music,18.234378980932796,0.2,19.552093785604104
94.24884525282927,bakery,49.13879242240532,0.2,104.07660373731034
68.05568641226198,bakery,29.947683859887086,0.2,74.04522318423939
61.647804022983784,decor,47.32029804454726,0.2,71.11186363189324
59.12587279916044,catering,14.619304251098407,0.2,62.04973364938012
49.37433184122667,music,6.160153490933988,0.2,50.60636253941347
48.34028130850115,bakery,15.18674528494011,0.2,51.37763036548917
15.164310328465762,catering,49.84514570929878,0.2,25.133339470325517
69.87084686603781,bakery,23.24692733311426,0.2,74.52023233266065
32.264216419847905,music,25.119933838897545,0.2,37.28820318762742
56.61040668135094,music,35.30566570053772,0.2,63.67153982145848
40.64424359485048,catering,11.957945354515953,0.2,43.035832665753674
44.93927332629485,decor,23.045105646282,0.2,49.54829445555125
33.190262489767356,bakery,42.36950910632355,0.2,41.66416431103207
60.576355165898796,decor,37.1600349362634,0.2,68.00836215315148
65.87922610458389,catering,33.706945362969755,0.2,72.62061517717784
19.240560985110257,decor,49.342323542362344,0.2,29.109025693582726
69.54581826166793,music,43.467755193035416,0.2,78.23936930027502
20.795750001583976,decor,25.5732924171255,0.2,25.910408485009075
58.96260735288343,decor,49.65517939050399,0.2,68.89364323098422
82.1396031048323,music,5.680845253525431,0.2,83.2757721555374
36.26356929025546,bakery,10.546160738012038,0.2,38.372801437857866
87.5082616395476,decor,49.58512533715834,0.2,97.42528670697926
36.355342872034555,music,25.52774809223736,0.2,41.460892490482024
37.08476694134078,decor,10.421746699952148,0.2,39.16911628133121
69.45654373824686,decor,32.54723011080131,0.2,75.96598976040713
53.78232556387752,catering,12.053476952876396,0.2,56.1930209544528
61.00882264336303,music,30.00636121547147,0.2,67.01009488645732
54.68109360413284,decor,44.64244862616342,0.2,63.60958332936553
26.102845926357226,music,9.327493092956026,0.2,27.96834454494843
67.73035589024431,bakery,48.52733585645898,0.2,77.43582306153611
47.17260137666207,decor,31.427542796684,0.2,53.45810993599888
41.971778859853714,decor,14.818788356074108,0.2,44.935536531068536
97.31085994909573,bakery,18.892625902837658,0.2,101.08938512966326
15.132018662506429,music,41.93062609609816,0.2,23.51814388172606
39.639866962214484,catering,32.64651268998888,0.2,46.16916950021226
26.94355320411613,decor,39.589781879441695,0.2,34.86150958000447
53.92589727228811,music,22.56183649465488,0.2,58.43826457121909
36.65812365460404,bakery,8.710221160514152,0.2,38.40016788670687
14.20303393623325,decor,30.44458318552275,0.2,20.2919505733378
51.99945547824608,bakery,47.260970116642355,0.2,61.45164950157455
34.14713271570078,decor,37.3908659945406,0.2,41.6253059146089
57.93223624481081,decor,32.016893553302346,0.2,64.33561495547127
93.92850023485789,catering,40.90497805730347,0.2,102.10949584631858
75.47268921780615,decor,20.797647216490326,0.2,79.63221866110422
98.70002181357704,decor,8.968072128895537,0.2,100.49363623935615
80.34368720761807,decor,34.98036720812733,0.2,87.33976064924354
20.552704637828,catering,6.460851624797074,0.2,21.844874962787415
52.70595783333434,decor,40.60085366452195,0.2,60.82612856623873
85.1496160240028,music,6.731016994353424,0.2,86.49581942287348
88.27300027660596,bakery,33.750773599832996,0.2,95.02315499657256
17.551447061153496,music,36.10845645503338,0.2,24.77313835216017
96.22177679525701,music,13.244498477367955,0.2,98.8706764907306
94.27657604608422,bakery,9.697274866171465,0.2,96.2160310193185
77.8502078904363,catering,40.20626991497645,0.2,85.89146187343158
48.73260778080133,bakery,5.9144070996384475,0.2,49.91548920072902
12.761906963316111,music,11.787052603307963,0.2,15.119317483977703
70.86087117067639,decor,19.428679472336526,0.2,74.74660706514369
20.754789075904846,decor,8.23352911259349,0.2,22.401494898423543
47.80795660960697,bakery,6.324363675441792,0.2,49.07282934469533
89.51115814065938,catering,13.57587505657774,0.2,92.22633315197493
29.348196603748267,bakery,34.72345697365449,0.2,36.292887998479166
49.15592790450148,music,22.25616820221572,0.2,53.607161544944624
35.00361820662632,music,46.71811158517299,0.2,44.34724052366092
20.89144411880128,catering,38.713726094517895,0.2,28.63418933770486
75.14090032475242,music,28.476139500985322,0.2,80.83612822494949
49.89610035779318,bakery,11.412867037565952,0.2,52.17867376530637
86.52747115652146,music,17.44087790069434,0.2,90.01564673666033
28.01955980678301,bakery,22.199284593594818,0.2,32.459416725501974
58.577258587352595,catering,47.79265392934645,0.2,68.13578937322188
41.23052064053845,music,12.48359714381152,0.2,43.727240069300755
84.19110409051437,bakery,16.157593755347925,0.2,87.42262284158396
78.57237969905704,bakery,17.759868286008533,0.2,82.12435335625875
66.94861028206802,decor,44.91530107793996,0.2,75.93167049765601
76.97291375613408,decor,5.998471284844518,0.2,78.17260801310297
38.46642764277398,music,27.99335957878879,0.2,44.06509955853174
86.43725653296757,catering,26.9076661104907,0.2,91.81878975506571
10.080764414754139,bakery,45.43058612297236,0.2,19.16688163934861
72.25701003629884,music,33.06289891048834,0.2,78.8695898183965
29.11276393519338,music,27.42432036814643,0.2,34.59762800882267
26.099577097739427,catering,28.973301573781363,0.2,31.8942374124957
18.00599219969236,catering,44.28204268324841,0.2,26.862400736342046
64.45978852825988,catering,17.676060249210657,0.2,67.99500057810201
26.476321039132493,bakery,22.145479095213908,0.2,30.905416858175276
44.202199987137604,bakery,11.98444705012363,0.2,46.59908939716233
69.95780727200795,bakery,22.021715549455646,0.2,74.36215038189908
81.90710296699673,decor,20.39907966898989,0.2,85.9869189007947
51.27698805680851,bakery,34.90464685373509,0.2,58.25791742755553
31.61393595593566,catering,40.472940059195835,0.2,39.70852396777482
76.82879329020344,decor,35.43538787243085,0.2,83.91587086468961
55.959971385887535,music,32.04254242894852,0.2,62.36847987167724
71.32904264059832,catering,25.339952418009965,0.2,76.3970331242003
62.85932401164439,bakery,29.36736015799369,0.2,68.73279604324313
87.74507612261912,bakery,7.0706092815865755,0.2,89.15919797893643
43.6545193997305,bakery,42.64723689545671,0.2,52.18396677882185
25.785717197107466,music,25.10249372022973,0.2,30.80621594115341
44.47766663818261,catering,5.237284736719372,0.2,45.52512358552649
65.64028929563693,bakery,36.11053751230645,0.2,72.86239679809822
52.57411898626001,music,29.688037687624618,0.2,58.51172652378494
16.788460357052323,bakery,21.025223580649648,0.2,20.993505073182252
42.05762800814293,bakery,18.64026130999025,0.2,45.78568027014098
17.377361963221134,decor,32.26570082681985,0.2,23.830502128585103
94.16258473501512,music,30.555621428235636,0.2,100.27370902066224
78.7525975569654,bakery,38.09887931961336,0.2,86.37237342088807
87.50476688557325,decor,26.872378857275304,0.2,92.87924265702831
23.349876947119576,decor,31.981081443558327,0.2,29.746093235831243
55.33522297858714,music,5.38841215868558,0.2,56.41290541032426
67.25799705470777,catering,29.80240570888542,0.2,73.21847819648485
83.41770752832802,bakery,45.43384913068201,0.2,92.50447735446443
62.742925398401276,catering,33.13746759009564,0.2,69.3704189164204
99.04544142025003,music,14.480999460358895,0.2,101.9416413123218
23.98186647135616,music,7.654672529870075,0.2,25.512800977330173
74.68156996605634,bakery,26.3014122534838,0.2,79.94185241675311
69.6465069590709,decor,42.547193722764085,0.2,78.15594570362373
98.35334308789669,music,47.13403133772985,0.2,107.78014935544266
99.53428303053732,decor,22.999335091648557,0.2,104.13415004886704
74.12592214538596,bakery,48.320494836653225,0.2,83.7900211127166
50.994917838808824,decor,43.6781249410954,0.2,59.730542827027904
30.506872928544364,decor,38.517281751906346,0.2,38.210329278925634
70.49728027260124,decor,44.6739881818601,0.2,79.43207790897327
36.26405068517676,catering,23.890802425803763,0.2,41.04221117033752
97.42977671678888,bakery,43.86275669113745,0.2,106.20232805501637
63.66753621060868,bakery,17.931279099930244,0.2,67.25379203059472
76.617714865727,catering,47.896223357148045,0.2,86.1969595371566
90.70381743922805,decor,33.43628136417065,0.2,97.39107371206218
91.7529523072678,bakery,18.03432473985668,0.2,95.35981725523914
37.194995662262464,music,20.473716750514733,0.2,41.28973901236541
78.21028683907686,decor,49.579023025785126,0.2,88.12609144423388
53.053952397966825,bakery,45.81898052152664,0.2,62.21774850227215
99.5677561770799,decor,21.98431659735015,0.2,103.96461949654993
99.79314671707768,catering,9.202123032367949,0.2,101.63357132355127
14.115978150117364,bakery,14.093796630620767,0.2,16.934737476241516
53.78064245139874,music,33.09117195947287,0.2,60.398876843293316
96.25889969694674,catering,34.349076405847605,0.2,103.12871497811626
46.17900989551814,bakery,10.38394388582769,0.2,48.25579867268368
88.66316860438259,decor,14.840876798333104,0.2,91.63134396404921
78.08385807139682,catering,42.28085045568784,0.2,86.54002816253438
67.39105362640137,music,46.04048814733005,0.2,76.59915125586738
88.61671627304283,catering,9.989896415003386,0.2,90.6146955560435
27.945101352655822,music,40.6600921216585,0.2,36.07711977698752
35.74866199447011,bakery,11.437404992419363,0.2,38.036142992953984
17.575843769926266,catering,48.050083769174044,0.2,27.185860523761075
14.349509105070606,bakery,34.766060939617475,0.2,21.3027212929941
41.44716245531092,music,13.650671847061908,0.2,44.1772968247233
40.54923144246715,music,25.553989236823,0.2,45.660029289831755
85.53832858810212,bakery,24.655873721492323,0.2,90.46950333240058
96.72008971718428,bakery,32.727452993599044,0.2,103.26558031590409
87.0436339592405,bakery,35.8443470733568,0.2,94.21250337391186
36.607381137064706,bakery,24.39541264309102,0.2,41.48646366568291
60.77333106958945,decor,7.599012442567476,0.2,62.29313355810295
99.76465935738929,music,37.923288985955715,0.2,107.34931715458043
57.28300298200643,bakery,11.74219308356,0.2,59.63144159871843
25.861100960258526,catering,26.787795730934718,0.2,31.21866010644547
16.68585197051172,bakery,32.51709031494356,0.2,23.18927003350043
92.67905726600807,catering,17.95270713139962,0.2,96.269598692288
21.06330928009674,bakery,36.825570685735315,0.2,28.428423417243803
20.153476895317194,music,37.42968089355313,0.2,27.63941307402782
11.486045715081723,bakery,46.4880667388397,0.2,20.783659062849665
53.481764382755664,catering,36.81044782959605,0.2,60.84385394867488
86.62693049132696,decor,8.635519544671832,0.2,88.35403440026133
47.365098568425246,catering,25.610507464217637,0.2,52.48720006126877
58.14507308321973,music,32.79532159131436,0.2,64.7041374014826
61.36994934599532,bakery,41.31816280838833,0.2,69.63358190767299
12.4092084040668,music,24.609806112754033,0.2,17.331169626617605
38.03811226330353,bakery,12.168165682465943,0.2,40.47174539979672
29.338452485419094,music,32.40501601300883,0.2,35.81945568802086
63.741590341321384,catering,12.16482087559241,0.2,66.17455451643987
68.36881566502946,bakery,28.933014377595065,0.2,74.15541854054847
35.022423759965974,bakery,26.269710548103593,0.2,40.27636586958669
91.60770691755263,bakery,49.03460142960254,0.2,101.41462720347315
17.326846366035788,decor,26.983524366585034,0.2,22.723551239352794
57.572580197665644,bakery,39.241496440718656,0.2,65.42087948580938
60.312019517424936,bakery,46.92936181544447,0.2,69.69789188051384
25.435206650317497,decor,28.603615153294776,0.2,31.155929680976453
77.67082950093474,decor,25.411183719040213,0.2,82.75306624474278
44.98707044792474,decor,16.614140466252266,0.2,48.30989854117519
57.88691684016795,music,13.52298548784936,0.2,60.59151393773782
69.23563567248476,decor,49.6063957704926,0.2,79.15691482658329
69.64652736780687,decor,7.842221666278117,0.2,71.2149717010625
66.82586668078672,catering,15.110661091197805,0.2,69.84799889902628
85.69860233240466,decor,7.649989256410352,0.2,87.22860018368674
30.07233716646386,music,32.80354658511175,0.2,36.63304648348621
40.562745920918786,catering,44.10550632618115,0.2,49.383847186155016
75.87098226883292,catering,24.137874113565,0.2,80.69855709154592
24.300847872388356,bakery,21.172564004881654,0.2,28.535360673364686
48.231655323776835,decor,24.790866333076448,0.2,53.189828590392125
74.62757989073047,music,21.401918745098282,0.2,78.90796363975014
65.59174499518602,catering,14.430209816099747,0.2,68.47778695840597
37.91202823937632,catering,45.38956004310486,0.2,46.98994024799729
95.04779610771001,catering,33.881623463706376,0.2,101.82412080045128
25.457472425544665,bakery,46.075774574808044,0.2,34.672627340506274
57.33814909042162,music,34.10989826025609,0.2,64.16012874247284
10.124303671718565,bakery,27.348868292393657,0.2,15.594077330197297
13.815538145026153,decor,14.346071262001935,0.2,16.68475239742654
59.078324195023136,bakery,34.3882872234002,0.2,65.95598163970317
73.31122731676166,catering,48.6245816082658,0.2,83.03614363841481
61.09683682292256,decor,23.84140942116414,0.2,65.86511870715539
28.97480697084581,music,22.205383805123137,0.2,33.41588373187044
51.382819238631384,bakery,32.90242934303382,0.2,57.96330510723815
67.90210647333475,music,15.292506933148339,0.2,70.96060785996443
46.84160737780899,decor,42.49604320443141,0.2,55.34081601869527
90.67948386062874,music,48.22537746214009,0.2,100.32455935305676
77.49669753947103,music,39.38164470132481,0.2,85.37302647973598
97.0590360304407,catering,16.87481284175189,0.2,100.43399859879108
30.037186746590912,decor,49.15848103325834,0.2,39.86888295324258
25.022259018393225,bakery,5.120490367963262,0.2,26.046357091985875
93.16894102014017,bakery,28.402241192796488,0.2,98.84938925869946
15.12193362789567,decor,22.480634655236486,0.2,19.618060558942968
77.40634353701047,decor,20.014939509939886,0.2,81.40933143899845
66.99905190012853,decor,24.166396948412032,0.2,71.83233128981094
89.06092368279309,bakery,6.285731249639701,0.2,90.31806993272103
48.06453945894729,catering,37.0509969924106,0.2,55.47473885742941
59.66876762377743,decor,7.44438788379261,0.2,61.157645200535946
16.36269892918745,bakery,11.901996711486106,0.2,18.74309827148467
40.45645611900276,decor,21.99165921375371,0.2,44.8547879617535
96.68591109990561,catering,17.72714863598542,0.2,100.2313408271027
14.544694063413115,music,37.52964000687185,0.2,22.050622064787486
93.59112282825583,music,14.322108628668305,0.2,96.4555445539895
33.66914057917771,catering,47.444802044397,0.2,43.15810098805711
30.913787864593722,catering,20.057509405168695,0.2,34.92528974562746
67.22111707717826,decor,13.124553445967026,0.2,69.84602776637166
81.86852893317635,bakery,17.745335529186754,0.2,85.4175960390137
83.19031783625039,decor,20.303607552969396,0.2,87.25103934684427
60.936437179388406,bakery,17.7240950225097,0.2,64.48125618389035
89.69046075218988,bakery,37.98706447580362,0.2,97.28787364735061
68.33479161819422,music,49.81108633273029,0.2,78.29700888474028
92.75977470424883,catering,38.872658990345876,0.2,100.534306502318
10.498891529013239,decor,46.55735263275038,0.2,19.810362055563317
94.68609458065237,catering,42.35240422911948,0.2,103.15657542647627
86.02968295454981,music,21.427724671624507,0.2,90.31522788887472
44.38248515816241,catering,6.501382198357994,0.2,45.68276159783401
30.372567711666946,decor,9.397740230757808,0.2,32.25211575781851
22.87350597019696,music,36.49093350606274,0.2,30.171692671409506
72.86697276871003,bakery,41.00902095807301,0.2,81.06877696032463
82.66655659191494,music,47.03617435292086,0.2,92.07379146249912
72.46582676186938,bakery,36.81543114878714,0.2,79.82891299162681
77.26897729172387,decor,15.431935071054706,0.2,80.35536430593481
19.34489940368728,decor,36.27302609925327,0.2,26.599504623537932
96.0223953158791,music,34.18164595413825,0.2,102.85872450670675
46.4162374279321,catering,35.216328559695896,0.2,53.45950313987128
39.900436966966055,music,28.781481755794335,0.2,45.65673331812492
79.68633187713164,music,46.551753770788,0.2,88.99668263128923
73.98556802812298,decor,39.00665032447941,0.2,81.78689809301886
87.72689028806121,bakery,6.180344970125122,0.2,88.96295928208623
62.37848851608579,music,17.25305254625281,0.2,65.82909902533635
50.38315596292259,decor,28.99788704181744,0.2,56.182733371286076
71.89265801769993,music,36.47563447920362,0.2,79.18778491354065
41.97411309371507,decor,26.464045587229226,0.2,47.26692221116092
37.39033079188792,music,46.541488962586165,0.2,46.69862858440516
61.71470299668686,music,28.68363133305563,0.2,67.45142926329798
96.29551668236506,bakery,6.363286633428384,0.2,97.56817400905074
86.81069360973208,catering,22.726825749270212,0.2,91.35605875958612
57.87928358723247,bakery,9.122512923531334,0.2,59.70378617193874
10.497945788430622,bakery,49.383861910607784,0.2,20.37471817055218
42.55798592368464,bakery,17.153540121752776,0.2,45.9886939480352
13.972202009558874,decor,43.973135243770116,0.2,22.766829058312897
77.81356386340359,music,38.560955101589116,0.2,85.5257548837214
32.59743970356514,bakery,10.710360061099134,0.2,34.73951171578497
33.523706415445574,bakery,20.940262810615977,0.2,37.71175897756877
31.801001972457176,music,24.48711117748678,0.2,36.69842420795453
28.2849868625194,catering,45.30144332942675,0.2,37.34527552840475
86.37393594730364,catering,12.577679037627945,0.2,88.88947175482923
22.199240329147514,music,34.024004799612825,0.2,29.00404128907008
57.61939717157816,decor,46.59588999078522,0.2,66.9385751697352
95.62418233452723,catering,23.128817138104825,0.2,100.2499457621482
39.84642393758449,music,42.12836483488566,0.2,48.27209690456162
86.12435221427428,music,24.710155884050696,0.2,91.06638339108443
41.06107182033492,decor,44.07569081474104,0.2,49.876209983283125
71.65060083107174,music,41.84707907038848,0.2,80.02001664514944
58.36212087824465,music,30.912077283432193,0.2,64.5445363349311
26.599913313900988,catering,30.121984101763346,0.2,32.624310134253655
29.169404002411117,bakery,23.5572339502793,0.2,33.88085079246698
13.499874104514861,catering,20.231365829690425,0.2,17.546147270452945
12.130161429744646,catering,45.31500450423065,0.2,21.193162330590777
26.089004607178886,decor,45.949243686775844,0.2,35.278853344534056
99.53807860432494,bakery,44.085329452656524,0.2,108.35514449485625
44.34223274657043,bakery,25.484617080248007,0.2,49.43915616262004
39.193870688817356,decor,38.819942067525204,0.2,46.957859102322395
44.86683006071233,music,18.04403274524165,0.2,48.47563660976066
89.99420547962119,music,12.241135546338704,0.2,92.44243258888892
71.2818924958602,catering,40.05258124407426,0.2,79.29240874467506
52.81077594945032,decor,8.363562617288443,0.2,54.48348847290801
10.13748262210288,catering,40.76034700595591,0.2,18.289552023294064
71.51052761408585,music,22.182193918510777,0.2,75.946966397788
26.280921578459512,decor,20.825516865122093,0.2,30.44602495148393
36.10309871146555,bakery,10.290123748239498,0.2,38.16112346111345
23.61349729721659,bakery,19.12418916546488,0.2,27.438335130309568
18.147517842304673,bakery,9.601343958236164,0.2,20.067786633951904
40.69141799109845,catering,46.304010881214644,0.2,49.95222016734138
16.320948196901533,bakery,16.392692368271923,0.2,19.59948667055592
57.242067785984304,catering,38.24521053455186,0.2,64.89110989289468
20.41052074551571,decor,24.721916053420014,0.2,25.354903956199713
28.945025325587558,decor,43.767806916600186,0.2,37.6985867089076
57.50480839401504,catering,25.632055613599753,0.2,62.631219516734994
97.97294377868705,bakery,33.40778073764007,0.2,104.65449992621507
79.56422092037849,catering,38.684345544470496,0.2,87.30109002927259
67.65351449375719,bakery,29.474778333221657,0.2,73.54847016040152
16.79172882723417,bakery,30.28009185066079,0.2,22.847747197366328
82.77220045324056,music,38.97238010138246,0.2,90.56667647351705
10.294285829076216,decor,44.20130614093441,0.2,19.1345470572631
87.5574381445118,music,40.022811779598804,0.2,95.56200050043157
78.09652541868245,catering,43.51307096670417,0.2,86.79913961202328
97.5457068139036,decor,5.002962277029278,0.2,98.54629926930946
22.488290067665865,catering,41.556982329105224,0.2,30.799686533486913
56.64802283613556,music,44.011770730299304,0.2,65.45037698219542
46.35407989196897,bakery,33.01477533812243,0.2,52.95703495959346
14.040753611342039,bakery,25.472501550277247,0.2,19.13525392139749
52.0726662041331,catering,27.816926956441392,0.2,57.63605159542138
79.63876919431064,bakery,5.5270326081839185,0.2,80.74417571594742
59.70577180213535,music,37.372308383169795,0.2,67.18023347876931
38.747712246333975,music,11.314091677874684,0.2,41.01053058190891
13.112729308858029,catering,33.647907990310756,0.2,19.84231090692018
37.1622304941593,catering,10.682906743681304,0.2,39.29881184289556
48.04985498697211,bakery,15.457908050750193,0.2,51.141436597122144
10.975068633000685,decor,40.619940860521176,0.2,19.099056805104922
14.912737084682075,catering,32.59098804542489,0.2,21.430934693767053
16.484933991838254,decor,38.860126932994305,0.2,24.256959378437116
30.845760213581794,bakery,21.450981572191257,0.2,35.135956528020046
24.1146627522196,decor,42.98613811384544,0.2,32.71189037498869
12.319524115086544,catering,16.37083701332378,0.2,15.5936915177513
94.97498716786824,decor,17.425946122791068,0.2,98.46017639242645
23.24265494193151,bakery,12.442253167654009,0.2,25.731105575462312
76.64139050113549,decor,25.08896761759096,0.2,81.65918402465368
34.47531419324906,catering,14.763889787254367,0.2,37.42809215069994
25.98748324367662,decor,24.57273011892767,0.2,30.902029267462154
37.446115582078775,music,32.848522051172324,0.2,44.01581999231324
96.03398190916782,catering,36.80062737755644,0.2,103.3941073846791
98.3000485136639,catering,39.399269893445194,0.2,106.17990249235294
76.37373922718743,bakery,8.216755989958056,0.2,78.01709042517903
44.06897781056598,bakery,36.17928688903353,0.2,51.30483518837269
95.85787098845678,music,48.94091650042146,0.2,105.64605428854108
74.85317968607376,bakery,37.109045835013696,0.2,82.2749888530765
26.550637310675384,catering,34.20927554484969,0.2,33.39249241964532
80.82419102983509,bakery,5.045973375517243,0.2,81.83338570493854
96.36436880776739,music,24.95403414893804,0.2,101.35517563755499
43.45114153174566,decor,7.642569598456738,0.2,44.97965545143701
49.924362674006396,bakery,24.205392151525178,0.2,54.765441104311435
22.141142949530465,music,44.44393651184605,0.2,31.029930251899675
81.31469164247045,decor,20.343209715201155,0.2,85.38333358551068
69.42237814629169,decor,21.861109772697965,0.2,73.79460010083129
64.03503588816746,music,22.092331267507287,0.2,68.45350214166892
77.22348695982423,bakery,29.570517529696943,0.2,83.13759046576362
13.071372510792367,bakery,44.47881729743536,0.2,21.96713597027944
55.16532495328677,music,22.36613031497297,0.2,59.63855101628136
46.39913482262397,music,10.864612057508037,0.2,48.57205723412558
31.68749964398164,music,15.834651272319622,0.2,34.85442989844556
18.012838187829814,bakery,33.27289880572923,0.2,24.66741794897566
51.320435593007105,music,5.787781591880826,0.2,52.47799191138327
41.230991333300054,catering,21.372518642270244,0.2,45.505495061754104
57.83006877792451,bakery,11.583973512959691,0.2,60.146863480516444
72.82448562869415,catering,14.13618998452839,0.2,75.65172362559983
34.45611566678003,music,17.115114891410805,0.2,37.87913864506219
80.09442048993316,decor,31.275910273741694,0.2,86.34960254468149
64.48106233675801,music,41.220198668405374,0.2,72.72510207043909
17.242155733724317,music,36.691083995674646,0.2,24.580372532859247
51.8476514506566,catering,30.9343936517003,0.2,58.03453018099666
22.20200863805956,decor,48.41377311614581,0.2,31.884763261288725
31.79328637519798,bakery,38.810373790014296,0.2,39.55536113320084
54.46647179505714,bakery,14.4614890255116,0.2,57.35876960015946
26.520576675189172,decor,44.29807039966382,0.2,35.38019075512194
95.3093854573274,bakery,7.288025366837896,0.2,96.76699053069497
42.77705922611426,music,23.092677484009393,0.2,47.39559472291614
10.364093312915072,music,23.688737569237798,0.2,15.101840826762633
10.127832019442545,bakery,46.46388755424584,0.2,19.420609530291713
42.53455498049612,decor,40.9269001156241,0.2,50.71993500362094
11.753931253498699,catering,10.595036332333935,0.2,13.872938519965487
58.5554927676488,bakery,12.317931905615058,0.2,61.01907914877181
92.7122571241114,catering,26.32541881192221,0.2,97.97734088649585
78.33815875015954,music,16.308026068290438,0.2,81.59976396381762
80.38104712806384,decor,25.530973383233288,0.2,85.4872418047105
32.80982344059149,bakery,24.38968385050809,0.2,37.687760210693106
60.85054328077014,catering,12.594869595892135,0.2,63.36951719994857
49.229083856990776,catering,29.258727851037886,0.2,55.08082942719835
69.86994151255347,catering,9.840265681385656,0.2,71.8379946488306
55.01189796768348,music,27.568084155274367,0.2,60.52551479873836
60.868509616481525,bakery,7.996930897417279,0.2,62.46789579596498
65.2421626323925,catering,39.21095164391996,0.2,73.0843529611765
70.56079724191832,decor,47.56995998751434,0.2,80.0747892394212
67.14439411172404,music,46.22813881796494,0.2,76.39002187531703
89.46740171263473,catering,5.317976486234156,0.2,90.53099700988156
85.2107605380269,catering,14.810737117906607,0.2,88.17290796160823
94.93475430104462,decor,32.15353788323725,0.2,101.36546187769207
35.92624816123826,music,28.718333699388534,0.2,41.66991490111597
75.90325617843855,music,37.010664057512614,0.2,83.30538898994108
64.86604029197832,catering,47.663886055619535,0.2,74.39881750310224
72.97345601990855,catering,10.329664762442931,0.2,75.03938897239713
66.38031809587262,decor,27.689388826168265,0.2,71.91819586110628
28.29919893619821,bakery,19.151699090343627,0.2,32.12953875426693
54.62741678887635,bakery,41.72737459341226,0.2,62.9728917075588
26.612388748146568,decor,26.754449717217394,0.2,31.963278691590048
88.47687945191389,catering,15.917324184531216,0.2,91.66034428882013
73.24634913343483,decor,44.75007346811114,0.2,82.19636382705706
18.19853931793459,decor,45.732266236507805,0.2,27.34499256523615
19.69686368049605,bakery,7.3422077471353395,0.2,21.16530522992312
29.012250094282226,catering,7.160409742830162,0.2,30.44433204284826
36.97025018601131,decor,36.23150501286046,0.2,44.21655118858341
19.496157892773716,catering,9.66582714599275,0.2,21.429323321972266
50.07399297823919,catering,27.227424311592806,0.2,55.519477840557755
48.04518582882439,catering,15.69213524009889,0.2,51.183612876844165
51.38724960350844,catering,39.835190421735604,0.2,59.35428768785556
18.142423632047652,catering,14.409247655104549,0.2,21.024273163068564
39.378405836203385,catering,46.87431769841764,0.2,48.753269375886916
74.84936748648285,decor,22.06577317475418,0.2,79.26252212143369
16.008448592457032,music,23.722761528817976,0.2,20.753000898220627
99.94269205829379,decor,46.74708141408539,0.2,109.29210834111086
81.38233954458815,catering,42.40117990483733,0.2,89.86257552555561
86.97526482629753,bakery,19.909163681820473,0.2,90.95709756266163
30.24777300155776,music,39.96848288750246,0.2,38.241469579058254
60.4005598982226,music,41.28736181549289,0.2,68.65803226132118
15.541245485381321,catering,24.486832291478944,0.2,20.43861194367711
18.761402352228195,catering,6.404341050857146,0.2,20.042270562399626
37.629094027753254,catering,19.886780062308738,0.2,41.606450040215
25.779361380409583,decor,11.571549797331938,0.2,28.09367133987597
14.161315001025535,music,22.532519030231768,0.2,18.66781880707189
33.316420947673805,music,48.74282201746521,0.2,43.06498535116685
97.54912308518199,decor,21.282316434054426,0.2,101.80558637199287
48.029554415114504,music,33.90348345588392,0.2,54.81025110629129
82.4312731978409,bakery,39.109057540921754,0.2,90.25308470602525
65.30681262062285,music,42.13350033806762,0.2,73.73351268823637
51.96787260898134,bakery,22.498208654698075,0.2,56.46751433992095
57.964031093670755,decor,46.49200005796417,0.2,67.26243110526359
64.98794520786919,catering,46.370220698069645,0.2,74.26198934748312
58.812091735902065,music,30.497686079517017,0.2,64.91162895180547
64.44660667263298,catering,34.03902049099061,0.2,71.2544107708311
51.48268682690086,bakery,35.094018152922956,0.2,58.50149045748545
40.08811361294815,bakery,26.286369065870836,0.2,45.345387426122315
78.59367846509362,decor,21.42637560284055,0.2,82.87895358566173
39.90039704756735,music,47.68015516371509,0.2,49.43642808031037
23.44370315678037,music,25.52455385505524,0.2,28.54861392779142
96.34265211026212,music,20.19055465895946,0.2,100.38076304205401
36.051965824038064,catering,41.93576159346723,0.2,44.43911814273151
71.00227638858352,music,47.455225490213344,0.2,80.4933214866262
86.63857739140724,music,35.45580269449389,0.2,93.72973793030602
76.60394591217518,decor,20.67184808002542,0.2,80.73831552818027
41.06085097666688,decor,26.25465946382315,0.2,46.31178286943151
62.749784190606995,decor,13.594681588760768,0.2,65.46872050835916
48.44581636826514,bakery,11.009016879070554,0.2,50.64761974407925
97.01047953287417,music,19.557653884967323,0.2,100.92201030986763
17.53885562979398,decor,18.958015584253197,0.2,21.330458746644616
84.48040243460797,music,29.52969586358047,0.2,90.38634160732406
37.31083396465925,catering,27.744727427715027,0.2,42.85977945020226
46.846906491988165,bakery,25.064319683499384,0.2,51.859770428688044
34.839655253910685,bakery,35.17834038458474,0.2,41.875323330827634
46.98562181343179,music,6.832198329243864,0.2,48.352061479280565
31.6733914016086,music,34.556123508482656,0.2,38.58461610330513
94.61345568802264,music,35.282619561648744,0.2,101.66997960035239
96.94393396993539,catering,48.52209218123058,0.2,106.6483524061815
52.741212724189594,decor,32.76502582548042,0.2,59.294217889285676
94.9020647847744,music,39.1878374158248,0.2,102.73963226793936
25.97026186002407,catering,25.99671368946158,0.2,31.169604597916386
18.209075189339387,decor,16.340737243312347,0.2,21.477222638001855
55.704765222533695,decor,8.564546735439729,0.2,57.41767456962164
84.27044004821572,catering,41.02148862881931,0.2,92.47473777397958
39.26937098472601,catering,11.164440925571252,0.2,41.50225916984026
85.37331111902765,catering,28.258463834276192,0.2,91.02500388588288
20.591154566908642,decor,16.885912815869872,0.2,23.968337130082617
77.31434450457628,decor,16.178784916085192,0.2,80.55010148779333
59.17315938682643,decor,23.93355325753996,0.2,63.959870038334415
48.94885325855068,bakery,38.26229280120019,0.2,56.60131181879072
40.19182216916349,catering,49.37717705690446,0.2,50.06725758054438
61.35003715724885,catering,35.8119895883695,0.2,68.51243507492275
15.38378364369223,bakery,34.016065454584634,0.2,22.186996734609156
45.22013530194462,catering,39.4599659208347,0.2,53.112128486111565
57.20983929210895,catering,36.16637313439728,0.2,64.44311391898842
10.775982390781214,music,37.13431221216729,0.2,18.202844833214673
15.905676445811242,bakery,10.813646160875289,0.2,18.0684056779863
73.84654026312396,music,42.25374249121626,0.2,82.29728876136721
62.50945920323501,music,29.087311702568726,0.2,68.32692154374875
46.76303940293357,catering,40.72776146815781,0.2,54.90859169656513
55.4351295173836,music,18.65191618795199,0.2,59.165512754973996
90.13862595727635,catering,32.91908301242097,0.2,96.72244255976054
12.55978029615099,decor,19.63434227842724,0.2,16.486648751836437
29.58423711469311,decor,13.721144733089393,0.2,32.32846606131099
65.40369956804759,bakery,35.13538947333524,0.2,72.43077746271463
14.920849249099781,music,41.57540166416148,0.2,23.235929581932076
44.29705604931579,catering,48.224016301108605,0.2,53.94185930953751
82.8451442343524,bakery,18.998783644683975,0.2,86.6449009632892
11.041374012713476,decor,31.687586532899342,0.2,17.378891319293345
35.119788492222824,bakery,48.22388962809443,0.2,44.76456641784171
21.479357881210007,decor,34.43598818438479,0.2,28.366555518086965
17.13271639903894,catering,11.358460438143553,0.2,19.404408486667652
99.63503143500678,bakery,39.170807840176586,0.2,107.4691930030421
84.72069327491073,decor,39.736707894050475,0.2,92.66803485372083
33.47246341045452,music,13.02225212698525,0.2,36.07691383585157
33.66038089399049,music,5.556381142570255,0.2,34.77165712250454
99.63609927633725,decor,9.74152977564243,0.2,101.58440523146574
65.59044964958188,music,45.00462440508059,0.2,74.591374530598
66.62008747080247,catering,48.152855784637666,0.2,76.25065862773
65.9892406776501,music,27.50940063896125,0.2,71.49112080544235
67.80371972870141,music,30.03449482670825,0.2,73.81061869404306
20.14410344679596,catering,44.04702170018654,0.2,28.95350778683327
38.41760262873919,bakery,25.292481778861188,0.2,43.476098984511424
42.96921407567751,music,49.690969438466354,0.2,52.90740796337079
52.95206870915422,catering,14.894757520548199,0.2,55.93102021326386
70.98125937909248,music,10.802696168166385,0.2,73.14179861272575
35.59449305993463,catering,38.396831725826566,0.2,43.27385940509994
75.40948808066823,decor,45.97938077635452,0.2,84.60536423593913
67.83546310728818,music,45.94579892366279,0.2,77.02462289202073
55.16306455612774,decor,14.710881915813271,0.2,58.1052409392904
94.28294428407727,catering,5.831628154377137,0.2,95.44926991495271
76.68392060937478,music,11.24853911083309,0.2,78.9336284315414
20.813273688571563,catering,42.21878955095821,0.2,29.257031598763206
49.390720909497226,music,5.67558728095798,0.2,50.52583836568882
62.27816961157832,decor,8.204896076792409,0.2,63.919148826936805
83.33287467583467,catering,5.015741922373011,0.2,84.33602306030927
49.21804323065232,music,27.92833113196887,0.2,54.8037094570461
47.37442427126342,decor,6.080042511886697,0.2,48.590432773640764
90.73976286184876,catering,7.299980266089829,0.2,92.19975891506672
36.6659326880668,decor,33.5460919191681,0.2,43.375151071900426
68.24060553787191,decor,17.423489254854186,0.2,71.72530338884275
46.54986383918095,catering,35.1108117914892,0.2,53.57202619747879
46.81354833213933,music,46.935242465863126,0.2,56.200596825311955
81.63237361986512,music,33.41136593526858,0.2,88.31464680691883
20.885742032483307,music,26.136366154977946,0.2,26.113015263478896
56.30333772304304,music,42.78982760643955,0.2,64.86130324433095
39.02179403458315,bakery,44.30307922849487,0.2,47.882409880282125
87.31957294395164,bakery,45.74543167747051,0.2,96.46865927944575
62.797103827981914,music,44.65282508283297,0.2,71.7276688445485
83.36838984851961,decor,28.999786822633055,0.2,89.16834721304622
76.69362069407663,music,47.65889408034474,0.2,86.22539951014558
84.76170621619288,decor,22.009144467942832,0.2,89.16353510978145
98.24954114377104,decor,40.10492009294446,0.2,106.27052516235993
37.96858670518674,music,38.322080939333425,0.2,45.63300289305342
57.44342975186648,decor,7.052600299111024,0.2,58.853949811688686
64.16836408917055,decor,26.473437851201307,0.2,69.46305165941081
41.653851074435195,catering,40.213623800711325,0.2,49.69657583457746
28.984897700307716,decor,33.20833821026971,0.2,35.62656534236166
44.80866213691432,decor,19.327111803078772,0.2,48.674084497530075
96.33749882506817,decor,31.2726134047233,0.2,102.59202150601283
80.23161187435933,music,27.328797414946482,0.2,85.69737135734863
23.934417099071418,decor,47.65828435768972,0.2,33.466073970609365
35.87801735299094,bakery,7.804483917496149,0.2,37.43891413649017
45.64333968262243,catering,12.167513633949891,0.2,48.07684240941241
47.3578113984067,catering,36.32388740849479,0.2,54.62258888010566
11.344624989723826,decor,36.999738674874365,0.2,18.7445727246987
62.57154939424613,decor,29.44990773640075,0.2,68.46153094152628
38.67792067173994,catering,17.539925231581247,0.2,42.18590571805619
55.742637899422526,decor,11.519947997519791,0.2,58.04662749892648
52.13191299727466,bakery,46.4512705443097,0.2,61.4221671061366
51.270311514815496,bakery,23.19937610964281,0.2,55.91018673674406
63.106734628343354,bakery,5.1644222332991445,0.2,64.13961907500318
80.40324747565687,catering,11.665389465662145,0.2,82.7363253687893
99.02244250292438,music,27.566568382650004,0.2,104.53575617945438
53.42258391238159,music,37.46424685565232,0.2,60.91543328351206
20.259114227721195,bakery,14.480448828037296,0.2,23.155203993328655
